price,area,bedrooms,bathrooms,stories,mainroad,guestroom,basement,hotwaterheating,airconditioning,parking,prefarea,furnishingstatus,total_rooms,price_per_sqft,house_score
9100000.0,6000.0,4.0,1.0,2.0,yes,no,yes,no,no,2.0,no,semi-furnished,5.0,1516.6666666666667,13.0
8750000.0,4320.0,3.0,1.0,2.0,yes,no,yes,yes,no,2.0,no,semi-furnished,4.0,2025.462962962963,11.0
8645000.0,8050.0,3.0,1.0,1.0,yes,yes,yes,no,yes,1.0,no,furnished,4.0,1073.9130434782608,10.0
8400000.0,8875.0,3.0,1.0,1.0,yes,no,no,no,no,1.0,no,semi-furnished,4.0,946.4788732394367,10.0
7875000.0,6550.0,3.0,1.0,2.0,yes,no,yes,no,yes,0.0,yes,furnished,4.0,1202.2900763358778,9.0
7350000.0,6000.0,3.0,1.0,2.0,yes,no,no,no,yes,1.0,no,unfurnished,4.0,1225.0,10.0
7070000.0,8880.0,2.0,1.0,1.0,yes,no,no,no,yes,1.0,no,semi-furnished,3.0,796.1711711711712,8.0
6860000.0,6000.0,3.0,1.0,1.0,yes,no,no,no,yes,1.0,no,furnished,4.0,1143.3333333333333,10.0
6650000.0,4040.0,3.0,1.0,2.0,yes,no,yes,yes,no,1.0,no,furnished,4.0,1646.039603960396,10.0
6650000.0,5700.0,3.0,1.0,1.0,yes,yes,yes,no,yes,2.0,yes,furnished,4.0,1166.6666666666667,11.0
6629000.0,6000.0,3.0,1.0,2.0,yes,no,no,yes,no,1.0,yes,semi-furnished,4.0,1104.8333333333333,10.0
6510000.0,3760.0,3.0,1.0,2.0,yes,no,no,yes,no,2.0,no,semi-furnished,4.0,1731.3829787234042,11.0
6510000.0,6670.0,3.0,1.0,3.0,yes,no,yes,no,no,0.0,yes,unfurnished,4.0,976.0119940029984,9.0
6475000.0,3960.0,3.0,1.0,1.0,yes,no,yes,no,no,2.0,no,semi-furnished,4.0,1635.1010101010102,11.0
6475000.0,7410.0,3.0,1.0,1.0,yes,yes,yes,no,yes,2.0,yes,unfurnished,4.0,873.8191632928475,11.0
6440000.0,5000.0,3.0,1.0,2.0,yes,no,no,no,yes,0.0,no,semi-furnished,4.0,1288.0,9.0
6419000.0,6750.0,2.0,1.0,1.0,yes,yes,yes,no,no,2.0,yes,furnished,3.0,950.9629629629629,9.0
6300000.0,9000.0,3.0,1.0,1.0,yes,no,yes,no,no,1.0,yes,furnished,4.0,700.0,10.0
6300000.0,6400.0,3.0,1.0,1.0,yes,yes,yes,no,yes,1.0,yes,semi-furnished,4.0,984.375,10.0
6265000.0,6000.0,4.0,1.0,3.0,yes,yes,yes,no,no,0.0,yes,unfurnished,5.0,1044.1666666666667,11.0
6230000.0,5500.0,3.0,1.0,3.0,yes,no,no,no,no,1.0,yes,unfurnished,4.0,1132.7272727272727,10.0
6125000.0,6420.0,3.0,1.0,3.0,yes,no,yes,no,no,0.0,yes,unfurnished,4.0,954.0498442367601,9.0
6107500.0,3240.0,4.0,1.0,3.0,yes,no,no,no,no,1.0,no,semi-furnished,5.0,1885.030864197531,12.0
6090000.0,6600.0,3.0,1.0,1.0,yes,yes,yes,no,no,2.0,yes,semi-furnished,4.0,922.7272727272727,11.0
6090000.0,8372.0,3.0,1.0,3.0,yes,no,no,no,yes,2.0,no,unfurnished,4.0,727.4247491638796,11.0
6083000.0,9620.0,3.0,1.0,1.0,yes,no,yes,no,no,2.0,yes,furnished,4.0,632.3284823284823,11.0
6020000.0,6800.0,2.0,1.0,1.0,yes,yes,yes,no,no,2.0,no,furnished,3.0,885.2941176470588,9.0
6020000.0,8000.0,3.0,1.0,1.0,yes,yes,yes,no,yes,2.0,yes,semi-furnished,4.0,752.5,11.0
5950000.0,3700.0,4.0,1.0,2.0,yes,yes,no,no,yes,0.0,no,furnished,5.0,1608.1081081081081,11.0
5950000.0,6420.0,3.0,1.0,1.0,yes,no,yes,no,yes,0.0,yes,furnished,4.0,926.791277258567,9.0
5950000.0,7020.0,3.0,1.0,1.0,yes,no,yes,no,yes,2.0,yes,semi-furnished,4.0,847.5783475783476,11.0
5950000.0,6540.0,3.0,1.0,1.0,yes,yes,yes,no,no,2.0,yes,furnished,4.0,909.7859327217126,11.0
5950000.0,7231.0,3.0,1.0,2.0,yes,yes,yes,no,yes,0.0,yes,semi-furnished,4.0,822.8460793804453,9.0
5880000.0,7160.0,3.0,1.0,1.0,yes,no,yes,no,no,2.0,yes,unfurnished,4.0,821.2290502793296,11.0
5873000.0,5500.0,3.0,1.0,3.0,yes,yes,no,no,yes,1.0,no,furnished,4.0,1067.8181818181818,10.0
5866000.0,4800.0,3.0,1.0,1.0,yes,yes,yes,no,no,0.0,no,unfurnished,4.0,1222.0833333333333,9.0
5810000.0,5200.0,3.0,1.0,3.0,yes,no,no,no,yes,0.0,no,semi-furnished,4.0,1117.3076923076924,9.0
5810000.0,4800.0,3.0,1.0,3.0,yes,no,no,no,yes,0.0,no,unfurnished,4.0,1210.4166666666667,9.0
5803000.0,7000.0,3.0,1.0,1.0,yes,no,yes,no,no,2.0,yes,semi-furnished,4.0,829.0,11.0
5740000.0,4640.0,4.0,1.0,2.0,yes,no,no,no,no,1.0,no,semi-furnished,5.0,1237.0689655172414,12.0
5740000.0,5000.0,3.0,1.0,3.0,yes,no,no,no,yes,0.0,no,semi-furnished,4.0,1148.0,9.0
5740000.0,6360.0,3.0,1.0,1.0,yes,yes,yes,no,yes,2.0,yes,furnished,4.0,902.5157232704403,11.0
5600000.0,4700.0,4.0,1.0,2.0,yes,yes,yes,no,yes,1.0,no,furnished,5.0,1191.4893617021276,12.0
5600000.0,6360.0,3.0,1.0,3.0,yes,no,no,no,no,0.0,yes,semi-furnished,4.0,880.503144654088,9.0
5600000.0,5136.0,3.0,1.0,2.0,yes,yes,yes,no,yes,0.0,yes,unfurnished,4.0,1090.342679127726,9.0
5565000.0,4400.0,4.0,1.0,2.0,yes,no,no,no,yes,2.0,yes,semi-furnished,5.0,1264.7727272727273,13.0
5523000.0,6900.0,3.0,1.0,1.0,yes,yes,yes,no,no,0.0,yes,semi-furnished,4.0,800.4347826086956,9.0
5495000.0,7980.0,3.0,1.0,1.0,yes,no,no,no,no,2.0,no,semi-furnished,4.0,688.5964912280701,11.0
5460000.0,6100.0,3.0,1.0,3.0,yes,yes,no,no,yes,0.0,yes,semi-furnished,4.0,895.0819672131148,9.0
5425000.0,6825.0,3.0,1.0,1.0,yes,yes,yes,no,yes,0.0,yes,semi-furnished,4.0,794.8717948717949,9.0
5320000.0,7800.0,3.0,1.0,1.0,yes,no,yes,no,yes,2.0,yes,unfurnished,4.0,682.0512820512821,11.0
5250000.0,4260.0,4.0,1.0,2.0,yes,no,yes,no,yes,0.0,no,furnished,5.0,1232.394366197183,11.0
5250000.0,10269.0,3.0,1.0,1.0,yes,no,no,no,no,1.0,yes,semi-furnished,4.0,511.2474437627812,10.0
5250000.0,8400.0,3.0,1.0,2.0,yes,yes,yes,no,yes,2.0,yes,unfurnished,4.0,625.0,11.0
5250000.0,3800.0,3.0,1.0,2.0,yes,yes,yes,no,no,1.0,yes,unfurnished,4.0,1381.578947368421,10.0
5250000.0,8520.0,3.0,1.0,1.0,yes,no,no,no,yes,2.0,no,furnished,4.0,616.1971830985915,11.0
5243000.0,6050.0,3.0,1.0,1.0,yes,no,yes,no,no,0.0,yes,semi-furnished,4.0,866.6115702479339,9.0
5229000.0,7085.0,3.0,1.0,1.0,yes,yes,yes,no,no,2.0,yes,semi-furnished,4.0,738.0381086803105,11.0
5215000.0,7200.0,3.0,1.0,2.0,yes,yes,yes,no,no,1.0,yes,furnished,4.0,724.3055555555555,10.0
5145000.0,3410.0,3.0,1.0,2.0,no,no,no,no,yes,0.0,no,semi-furnished,4.0,1508.7976539589442,9.0
5145000.0,7980.0,3.0,1.0,1.0,yes,no,no,no,no,1.0,yes,semi-furnished,4.0,644.7368421052631,10.0
5110000.0,3000.0,3.0,1.0,2.0,yes,no,yes,no,no,0.0,no,unfurnished,4.0,1703.3333333333333,9.0
5110000.0,6100.0,3.0,1.0,1.0,yes,no,yes,no,yes,0.0,yes,semi-furnished,4.0,837.7049180327868,9.0
5075000.0,5720.0,2.0,1.0,2.0,yes,no,no,no,yes,0.0,yes,unfurnished,3.0,887.2377622377622,7.0
5040000.0,3540.0,2.0,1.0,1.0,no,yes,yes,no,no,0.0,no,semi-furnished,3.0,1423.7288135593221,7.0
5040000.0,7600.0,4.0,1.0,2.0,yes,no,no,no,yes,2.0,no,furnished,5.0,663.1578947368421,13.0
5040000.0,6600.0,3.0,1.0,1.0,yes,yes,yes,no,no,0.0,yes,furnished,4.0,763.6363636363636,9.0
5033000.0,4800.0,2.0,1.0,1.0,yes,yes,yes,no,no,0.0,no,semi-furnished,3.0,1048.5416666666667,7.0
4970000.0,7686.0,3.0,1.0,1.0,yes,yes,yes,yes,no,0.0,no,semi-furnished,4.0,646.6302367941712,9.0
4935000.0,5948.0,3.0,1.0,2.0,yes,no,no,no,yes,0.0,no,semi-furnished,4.0,829.6906523201076,9.0
4907000.0,4200.0,3.0,1.0,2.0,yes,no,no,no,no,1.0,no,furnished,4.0,1168.3333333333333,10.0
4900000.0,4520.0,3.0,1.0,2.0,yes,no,yes,no,yes,0.0,no,semi-furnished,4.0,1084.070796460177,9.0
4900000.0,4095.0,3.0,1.0,2.0,no,yes,yes,no,yes,0.0,no,semi-furnished,4.0,1196.5811965811965,9.0
4900000.0,4120.0,2.0,1.0,1.0,yes,no,yes,no,no,1.0,no,semi-furnished,3.0,1189.3203883495146,8.0
4900000.0,5400.0,4.0,1.0,2.0,yes,no,no,no,no,0.0,no,semi-furnished,5.0,907.4074074074074,11.0
4900000.0,4770.0,3.0,1.0,1.0,yes,yes,yes,no,no,0.0,no,semi-furnished,4.0,1027.2536687631027,9.0
4900000.0,6300.0,3.0,1.0,1.0,yes,no,no,no,yes,2.0,no,semi-furnished,4.0,777.7777777777778,11.0
4900000.0,5800.0,2.0,1.0,1.0,yes,yes,yes,no,yes,0.0,no,semi-furnished,3.0,844.8275862068965,7.0
4900000.0,3000.0,3.0,1.0,2.0,yes,no,yes,no,yes,0.0,no,semi-furnished,4.0,1633.3333333333333,9.0
4900000.0,2970.0,3.0,1.0,3.0,yes,no,no,no,no,0.0,no,semi-furnished,4.0,1649.8316498316499,9.0
4900000.0,6720.0,3.0,1.0,1.0,yes,no,no,no,no,0.0,no,unfurnished,4.0,729.1666666666666,9.0
4900000.0,4646.0,3.0,1.0,2.0,yes,yes,yes,no,no,2.0,no,semi-furnished,4.0,1054.6706844597504,11.0
4865000.0,4350.0,2.0,1.0,1.0,yes,no,yes,no,no,0.0,no,unfurnished,3.0,1118.3908045977012,7.0
4830000.0,4160.0,3.0,1.0,3.0,yes,no,no,no,no,0.0,no,unfurnished,4.0,1161.0576923076924,9.0
4830000.0,6040.0,3.0,1.0,1.0,yes,no,no,no,no,2.0,yes,semi-furnished,4.0,799.6688741721854,11.0
4830000.0,6862.0,3.0,1.0,2.0,yes,no,no,no,yes,2.0,yes,furnished,4.0,703.8764208685515,11.0
4830000.0,4815.0,2.0,1.0,1.0,yes,no,no,no,yes,0.0,yes,semi-furnished,3.0,1003.1152647975077,7.0
4795000.0,7000.0,3.0,1.0,2.0,yes,no,yes,no,no,0.0,no,unfurnished,4.0,685.0,9.0
4760000.0,9166.0,2.0,1.0,1.0,yes,no,yes,no,yes,2.0,no,semi-furnished,3.0,519.3104953087498,9.0
4760000.0,6321.0,3.0,1.0,2.0,yes,no,yes,no,yes,1.0,no,furnished,4.0,753.0454042081949,10.0
4760000.0,10240.0,2.0,1.0,1.0,yes,no,no,no,yes,2.0,yes,unfurnished,3.0,464.84375,9.0
4690000.0,6000.0,2.0,1.0,1.0,yes,no,yes,no,yes,1.0,no,furnished,3.0,781.6666666666666,8.0
4690000.0,3630.0,3.0,1.0,2.0,yes,no,no,no,no,2.0,no,semi-furnished,4.0,1292.0110192837465,11.0
4690000.0,5400.0,2.0,1.0,2.0,yes,no,no,no,no,0.0,yes,semi-furnished,3.0,868.5185185185185,7.0
4690000.0,4320.0,3.0,1.0,1.0,yes,no,no,no,no,0.0,yes,semi-furnished,4.0,1085.648148148148,9.0
4655000.0,3745.0,3.0,1.0,2.0,yes,no,yes,no,no,0.0,no,furnished,4.0,1242.9906542056074,9.0
4620000.0,4160.0,3.0,1.0,1.0,yes,yes,yes,no,yes,0.0,no,unfurnished,4.0,1110.576923076923,9.0
4620000.0,5680.0,3.0,1.0,2.0,yes,yes,no,no,yes,1.0,no,semi-furnished,4.0,813.3802816901408,10.0
4620000.0,2870.0,2.0,1.0,2.0,yes,yes,yes,no,no,0.0,yes,semi-furnished,3.0,1609.7560975609756,7.0
4620000.0,5010.0,3.0,1.0,2.0,yes,no,yes,no,no,0.0,no,semi-furnished,4.0,922.1556886227545,9.0
4585000.0,4000.0,3.0,1.0,2.0,yes,no,no,no,no,1.0,no,furnished,4.0,1146.25,10.0
4585000.0,3840.0,3.0,1.0,2.0,yes,no,no,no,no,1.0,yes,semi-furnished,4.0,1194.0104166666667,10.0
4550000.0,3760.0,3.0,1.0,1.0,yes,no,no,no,no,2.0,no,semi-furnished,4.0,1210.1063829787233,11.0
4550000.0,3640.0,3.0,1.0,2.0,yes,no,no,no,yes,0.0,no,furnished,4.0,1250.0,9.0
4550000.0,2550.0,3.0,1.0,2.0,yes,no,yes,no,no,0.0,no,furnished,4.0,1784.313725490196,9.0
4550000.0,5320.0,3.0,1.0,2.0,yes,yes,yes,no,no,0.0,yes,semi-furnished,4.0,855.2631578947369,9.0
4550000.0,5360.0,3.0,1.0,2.0,yes,no,no,no,no,2.0,yes,unfurnished,4.0,848.8805970149253,11.0
4550000.0,3520.0,3.0,1.0,1.0,yes,no,no,no,no,0.0,yes,semi-furnished,4.0,1292.6136363636363,9.0
4515000.0,3510.0,3.0,1.0,3.0,yes,no,no,no,no,0.0,no,semi-furnished,4.0,1286.3247863247864,9.0
4515000.0,3450.0,3.0,1.0,2.0,yes,no,yes,no,no,1.0,no,semi-furnished,4.0,1308.695652173913,10.0
4515000.0,9860.0,3.0,1.0,1.0,yes,no,no,no,no,0.0,no,semi-furnished,4.0,457.9107505070994,9.0
4515000.0,3520.0,2.0,1.0,2.0,yes,no,no,no,no,0.0,yes,furnished,3.0,1282.6704545454545,7.0
4480000.0,4510.0,4.0,1.0,2.0,yes,no,no,no,yes,2.0,no,semi-furnished,5.0,993.3481152993348,13.0
4480000.0,5885.0,2.0,1.0,1.0,yes,no,no,no,yes,1.0,no,unfurnished,3.0,761.2574341546305,8.0
4480000.0,4000.0,3.0,1.0,2.0,yes,no,no,no,no,2.0,no,furnished,4.0,1120.0,11.0
4480000.0,8250.0,3.0,1.0,1.0,yes,no,no,no,no,0.0,no,furnished,4.0,543.030303030303,9.0
4480000.0,4040.0,3.0,1.0,2.0,yes,no,no,no,no,1.0,no,semi-furnished,4.0,1108.9108910891089,10.0
4473000.0,6360.0,2.0,1.0,1.0,yes,no,yes,no,yes,1.0,no,furnished,3.0,703.3018867924528,8.0
4473000.0,3162.0,3.0,1.0,2.0,yes,no,no,no,yes,1.0,no,furnished,4.0,1414.6110056925995,10.0
4473000.0,3510.0,3.0,1.0,2.0,yes,no,no,no,no,0.0,no,semi-furnished,4.0,1274.3589743589744,9.0
4445000.0,3750.0,2.0,1.0,1.0,yes,yes,yes,no,no,0.0,no,semi-furnished,3.0,1185.3333333333333,7.0
4410000.0,3968.0,3.0,1.0,2.0,no,no,no,no,no,0.0,no,semi-furnished,4.0,1111.391129032258,9.0
4410000.0,4900.0,2.0,1.0,2.0,yes,no,yes,no,no,0.0,no,semi-furnished,3.0,900.0,7.0
4403000.0,2880.0,3.0,1.0,2.0,yes,no,no,no,no,0.0,yes,semi-furnished,4.0,1528.8194444444443,9.0
4403000.0,4880.0,3.0,1.0,1.0,yes,no,no,no,no,2.0,yes,unfurnished,4.0,902.2540983606557,11.0
4403000.0,4920.0,3.0,1.0,2.0,yes,no,no,no,no,1.0,no,semi-furnished,4.0,894.9186991869918,10.0
4382000.0,4950.0,4.0,1.0,2.0,yes,no,no,no,yes,0.0,no,semi-furnished,5.0,885.2525252525253,11.0
4375000.0,3900.0,3.0,1.0,2.0,yes,no,no,no,no,0.0,no,unfurnished,4.0,1121.7948717948718,9.0
4340000.0,4075.0,3.0,1.0,1.0,yes,yes,yes,no,no,2.0,no,semi-furnished,4.0,1065.0306748466257,11.0
4340000.0,3500.0,4.0,1.0,2.0,yes,no,no,no,no,2.0,no,furnished,5.0,1240.0,13.0
4340000.0,6450.0,4.0,1.0,2.0,yes,no,no,no,no,0.0,no,semi-furnished,5.0,672.8682170542636,11.0
4319000.0,4032.0,2.0,1.0,1.0,yes,no,yes,no,no,0.0,no,furnished,3.0,1071.1805555555557,7.0
4305000.0,4400.0,2.0,1.0,1.0,yes,no,no,no,no,1.0,no,semi-furnished,3.0,978.4090909090909,8.0
4305000.0,10360.0,2.0,1.0,1.0,yes,no,no,no,no,1.0,yes,semi-furnished,3.0,415.5405405405405,8.0
4277000.0,3400.0,3.0,1.0,2.0,yes,no,yes,no,no,2.0,yes,semi-furnished,4.0,1257.9411764705883,11.0
4270000.0,6360.0,2.0,1.0,1.0,yes,no,no,no,no,0.0,no,furnished,3.0,671.3836477987421,7.0
4270000.0,6360.0,2.0,1.0,2.0,yes,no,no,no,no,0.0,no,unfurnished,3.0,671.3836477987421,7.0
4270000.0,4500.0,2.0,1.0,1.0,yes,no,no,no,yes,2.0,no,furnished,3.0,948.8888888888889,9.0
4270000.0,2175.0,3.0,1.0,2.0,no,yes,yes,no,yes,0.0,no,unfurnished,4.0,1963.2183908045977,9.0
4270000.0,4360.0,4.0,1.0,2.0,yes,no,no,no,no,0.0,no,furnished,5.0,979.3577981651376,11.0
4270000.0,7770.0,2.0,1.0,1.0,yes,no,no,no,no,1.0,no,furnished,3.0,549.5495495495495,8.0
4235000.0,6650.0,3.0,1.0,2.0,yes,yes,no,no,no,0.0,no,semi-furnished,4.0,636.8421052631579,9.0
4235000.0,2787.0,3.0,1.0,1.0,yes,no,yes,no,no,0.0,yes,furnished,4.0,1519.5550771438823,9.0
4200000.0,5500.0,3.0,1.0,2.0,yes,no,no,no,yes,0.0,no,unfurnished,4.0,763.6363636363636,9.0
4200000.0,5040.0,3.0,1.0,2.0,yes,no,yes,no,yes,0.0,no,unfurnished,4.0,833.3333333333334,9.0
4200000.0,5850.0,2.0,1.0,1.0,yes,yes,yes,no,no,2.0,no,semi-furnished,3.0,717.9487179487179,9.0
4200000.0,2953.0,3.0,1.0,2.0,yes,no,yes,no,yes,0.0,no,unfurnished,4.0,1422.2824246528953,9.0
4200000.0,4410.0,2.0,1.0,1.0,no,no,no,no,no,1.0,no,unfurnished,3.0,952.3809523809524,8.0
4200000.0,2325.0,3.0,1.0,2.0,no,no,no,no,no,0.0,no,semi-furnished,4.0,1806.4516129032259,9.0
4200000.0,5800.0,3.0,1.0,1.0,yes,no,no,yes,no,2.0,no,semi-furnished,4.0,724.1379310344828,11.0
4200000.0,4079.0,3.0,1.0,3.0,yes,no,no,no,no,0.0,no,semi-furnished,4.0,1029.6641333660211,9.0
4200000.0,3520.0,3.0,1.0,2.0,yes,no,no,no,no,0.0,yes,semi-furnished,4.0,1193.1818181818182,9.0
4200000.0,2145.0,3.0,1.0,3.0,yes,no,no,no,no,1.0,yes,unfurnished,4.0,1958.041958041958,10.0
4200000.0,4500.0,3.0,1.0,1.0,yes,no,yes,no,no,0.0,no,furnished,4.0,933.3333333333334,9.0
4193000.0,3450.0,3.0,1.0,2.0,yes,no,no,no,no,1.0,no,semi-furnished,4.0,1215.3623188405797,10.0
4165000.0,4840.0,3.0,1.0,2.0,yes,no,no,no,no,1.0,no,semi-furnished,4.0,860.5371900826447,10.0
4165000.0,4080.0,3.0,1.0,2.0,yes,no,no,no,no,2.0,no,semi-furnished,4.0,1020.8333333333334,11.0
4165000.0,4046.0,3.0,1.0,2.0,yes,no,yes,no,no,1.0,no,semi-furnished,4.0,1029.4117647058824,10.0
4130000.0,4632.0,4.0,1.0,2.0,yes,no,no,no,yes,0.0,no,semi-furnished,5.0,891.6234887737478,11.0
4130000.0,5985.0,3.0,1.0,1.0,yes,no,yes,no,no,0.0,no,semi-furnished,4.0,690.0584795321637,9.0
4123000.0,6060.0,2.0,1.0,1.0,yes,no,yes,no,no,1.0,no,semi-furnished,3.0,680.3630363036303,8.0
4098500.0,3600.0,3.0,1.0,1.0,yes,no,yes,no,yes,0.0,yes,furnished,4.0,1138.4722222222222,9.0
4095000.0,4040.0,2.0,1.0,2.0,yes,no,no,no,no,1.0,no,semi-furnished,3.0,1013.6138613861386,8.0
4095000.0,5600.0,2.0,1.0,1.0,yes,no,no,no,yes,0.0,no,semi-furnished,3.0,731.25,7.0
4060000.0,4340.0,3.0,1.0,1.0,yes,no,no,no,no,0.0,no,semi-furnished,4.0,935.483870967742,9.0
4060000.0,3000.0,4.0,1.0,3.0,yes,no,yes,no,yes,2.0,no,semi-furnished,5.0,1353.3333333333333,13.0
4060000.0,4320.0,3.0,1.0,2.0,yes,no,no,no,no,2.0,yes,furnished,4.0,939.8148148148148,11.0
4007500.0,4500.0,3.0,1.0,2.0,no,no,yes,no,yes,0.0,no,semi-furnished,4.0,890.5555555555555,9.0
4007500.0,3460.0,4.0,1.0,2.0,yes,no,no,no,yes,0.0,no,semi-furnished,5.0,1158.236994219653,11.0
3990000.0,4100.0,4.0,1.0,1.0,no,no,yes,no,no,0.0,no,unfurnished,5.0,973.170731707317,11.0
3990000.0,6480.0,3.0,1.0,2.0,no,no,no,no,yes,1.0,no,semi-furnished,4.0,615.7407407407408,10.0
3990000.0,3960.0,3.0,1.0,2.0,yes,no,no,no,no,0.0,no,furnished,4.0,1007.5757575757576,9.0
3990000.0,4050.0,2.0,1.0,2.0,yes,yes,yes,no,no,0.0,yes,unfurnished,3.0,985.1851851851852,7.0
3920000.0,5500.0,4.0,1.0,2.0,yes,yes,yes,no,no,0.0,no,semi-furnished,5.0,712.7272727272727,11.0
3920000.0,3000.0,3.0,1.0,2.0,yes,no,no,no,no,0.0,no,semi-furnished,4.0,1306.6666666666667,9.0
3920000.0,3290.0,2.0,1.0,1.0,yes,no,no,yes,no,1.0,no,furnished,3.0,1191.4893617021276,8.0
3920000.0,3816.0,2.0,1.0,1.0,yes,no,yes,no,yes,2.0,no,furnished,3.0,1027.2536687631027,9.0
3920000.0,8080.0,3.0,1.0,1.0,yes,no,no,no,yes,2.0,no,semi-furnished,4.0,485.1485148514852,11.0
3885000.0,3780.0,2.0,1.0,2.0,yes,yes,yes,no,no,0.0,no,semi-furnished,3.0,1027.7777777777778,7.0
3850000.0,7152.0,3.0,1.0,2.0,yes,no,no,no,yes,0.0,no,furnished,4.0,538.3109619686801,9.0
3850000.0,4080.0,2.0,1.0,1.0,yes,no,no,no,no,0.0,no,semi-furnished,3.0,943.6274509803922,7.0
3850000.0,3850.0,2.0,1.0,1.0,yes,no,no,no,no,0.0,no,semi-furnished,3.0,1000.0,7.0
3850000.0,2015.0,3.0,1.0,2.0,yes,no,yes,no,no,0.0,yes,semi-furnished,4.0,1910.6699751861042,9.0
3850000.0,2176.0,2.0,1.0,2.0,yes,yes,no,no,no,0.0,yes,semi-furnished,3.0,1769.3014705882354,7.0
3836000.0,3350.0,3.0,1.0,2.0,yes,no,no,no,no,0.0,no,unfurnished,4.0,1145.0746268656717,9.0
3780000.0,4820.0,3.0,1.0,2.0,yes,no,no,no,no,0.0,no,semi-furnished,4.0,784.2323651452282,9.0
3780000.0,3420.0,2.0,1.0,2.0,yes,no,no,yes,no,1.0,no,semi-furnished,3.0,1105.2631578947369,8.0
3780000.0,3600.0,2.0,1.0,1.0,yes,no,no,no,no,0.0,no,semi-furnished,3.0,1050.0,7.0
3780000.0,5830.0,2.0,1.0,1.0,yes,no,no,no,no,2.0,no,unfurnished,3.0,648.3704974271012,9.0
3780000.0,2856.0,3.0,1.0,3.0,yes,no,no,no,no,0.0,yes,furnished,4.0,1323.5294117647059,9.0
3780000.0,8400.0,2.0,1.0,1.0,yes,no,no,no,no,1.0,no,furnished,3.0,450.0,8.0
3773000.0,8250.0,3.0,1.0,1.0,yes,no,no,no,no,2.0,no,furnished,4.0,457.3333333333333,11.0
3773000.0,6930.0,4.0,1.0,2.0,no,no,no,no,no,1.0,no,furnished,5.0,544.4444444444445,12.0
3745000.0,3480.0,2.0,1.0,1.0,yes,no,no,no,no,0.0,yes,semi-furnished,3.0,1076.1494252873563,7.0
3710000.0,3600.0,3.0,1.0,1.0,yes,no,no,no,no,1.0,no,unfurnished,4.0,1030.5555555555557,10.0
3710000.0,4040.0,2.0,1.0,1.0,yes,no,no,no,no,0.0,no,semi-furnished,3.0,918.3168316831683,7.0
3710000.0,6020.0,3.0,1.0,1.0,yes,no,no,no,no,0.0,no,semi-furnished,4.0,616.2790697674419,9.0
3710000.0,4050.0,2.0,1.0,1.0,yes,no,no,no,no,0.0,no,furnished,3.0,916.0493827160494,7.0
3710000.0,3584.0,2.0,1.0,1.0,yes,no,no,yes,no,0.0,no,semi-furnished,3.0,1035.15625,7.0
3703000.0,3120.0,3.0,1.0,2.0,no,no,yes,yes,no,0.0,no,semi-furnished,4.0,1186.8589743589744,9.0
3703000.0,5450.0,2.0,1.0,1.0,yes,no,no,no,no,0.0,no,furnished,3.0,679.4495412844037,7.0
3675000.0,3630.0,2.0,1.0,1.0,yes,no,yes,no,no,0.0,no,furnished,3.0,1012.396694214876,7.0
3675000.0,3630.0,2.0,1.0,1.0,yes,no,no,no,yes,0.0,no,unfurnished,3.0,1012.396694214876,7.0
3675000.0,5640.0,2.0,1.0,1.0,no,no,no,no,no,0.0,no,semi-furnished,3.0,651.5957446808511,7.0
3675000.0,3600.0,2.0,1.0,1.0,yes,no,no,no,no,0.0,no,furnished,3.0,1020.8333333333334,7.0
3640000.0,4280.0,2.0,1.0,1.0,yes,no,no,no,yes,2.0,no,semi-furnished,3.0,850.4672897196261,9.0
3640000.0,3570.0,3.0,1.0,2.0,yes,no,yes,no,no,0.0,no,semi-furnished,4.0,1019.6078431372549,9.0
3640000.0,3180.0,3.0,1.0,2.0,no,no,yes,no,no,0.0,no,semi-furnished,4.0,1144.6540880503144,9.0
3640000.0,3000.0,2.0,1.0,2.0,yes,no,no,no,yes,0.0,no,furnished,3.0,1213.3333333333333,7.0
3640000.0,5960.0,3.0,1.0,2.0,yes,yes,yes,no,no,0.0,no,unfurnished,4.0,610.738255033557,9.0
3640000.0,2275.0,3.0,1.0,3.0,yes,no,no,yes,yes,0.0,yes,semi-furnished,4.0,1600.0,9.0
3633000.0,3520.0,3.0,1.0,1.0,yes,no,no,no,no,2.0,yes,unfurnished,4.0,1032.1022727272727,11.0
3605000.0,4500.0,2.0,1.0,1.0,yes,no,no,no,no,0.0,no,semi-furnished,3.0,801.1111111111111,7.0
3605000.0,4000.0,2.0,1.0,1.0,yes,no,no,no,no,0.0,yes,semi-furnished,3.0,901.25,7.0
3570000.0,3150.0,3.0,1.0,2.0,yes,no,yes,no,no,0.0,no,furnished,4.0,1133.3333333333333,9.0
3570000.0,4500.0,2.0,1.0,1.0,no,no,no,no,no,0.0,no,furnished,3.0,793.3333333333334,7.0
3570000.0,3640.0,2.0,1.0,1.0,yes,no,no,no,no,0.0,no,unfurnished,3.0,980.7692307692307,7.0
3535000.0,3850.0,3.0,1.0,1.0,yes,no,no,no,no,2.0,no,unfurnished,4.0,918.1818181818181,11.0
3500000.0,4240.0,3.0,1.0,2.0,yes,no,no,no,yes,0.0,no,semi-furnished,4.0,825.4716981132076,9.0
3500000.0,3650.0,3.0,1.0,2.0,yes,no,no,no,no,0.0,no,unfurnished,4.0,958.9041095890411,9.0
3500000.0,4600.0,4.0,1.0,2.0,yes,no,no,no,no,0.0,no,semi-furnished,5.0,760.8695652173913,11.0
3500000.0,3036.0,3.0,1.0,2.0,yes,no,yes,no,no,0.0,no,semi-furnished,4.0,1152.832674571805,9.0
3500000.0,3990.0,3.0,1.0,2.0,yes,no,no,no,no,0.0,no,semi-furnished,4.0,877.1929824561404,9.0
3500000.0,7424.0,3.0,1.0,1.0,no,no,no,no,no,0.0,no,unfurnished,4.0,471.4439655172414,9.0
3500000.0,3480.0,3.0,1.0,1.0,no,no,no,no,yes,0.0,no,unfurnished,4.0,1005.7471264367816,9.0
3500000.0,3640.0,2.0,1.0,1.0,yes,no,no,no,no,1.0,no,semi-furnished,3.0,961.5384615384615,8.0
3500000.0,5900.0,2.0,1.0,1.0,yes,no,no,no,no,1.0,no,furnished,3.0,593.2203389830509,8.0
3500000.0,3120.0,3.0,1.0,2.0,yes,no,no,no,no,1.0,no,unfurnished,4.0,1121.7948717948718,10.0
3500000.0,7350.0,2.0,1.0,1.0,yes,no,no,no,no,1.0,no,semi-furnished,3.0,476.1904761904762,8.0
3500000.0,3512.0,2.0,1.0,1.0,yes,no,no,no,no,1.0,yes,unfurnished,3.0,996.5831435079726,8.0
3500000.0,5880.0,2.0,1.0,1.0,yes,no,no,no,no,0.0,no,unfurnished,3.0,595.2380952380952,7.0
3493000.0,4900.0,3.0,1.0,2.0,no,no,no,no,no,0.0,no,unfurnished,4.0,712.8571428571429,9.0
3465000.0,3060.0,3.0,1.0,1.0,yes,no,no,no,no,0.0,no,unfurnished,4.0,1132.3529411764705,9.0
3465000.0,5320.0,2.0,1.0,1.0,yes,no,no,no,no,1.0,yes,unfurnished,3.0,651.3157894736842,8.0
3465000.0,2145.0,3.0,1.0,3.0,yes,no,no,no,no,0.0,yes,furnished,4.0,1615.3846153846155,9.0
3430000.0,4000.0,2.0,1.0,1.0,yes,no,no,no,no,0.0,no,unfurnished,3.0,857.5,7.0
3430000.0,3185.0,2.0,1.0,1.0,yes,no,no,no,no,2.0,no,unfurnished,3.0,1076.923076923077,9.0
3430000.0,3850.0,3.0,1.0,1.0,yes,no,no,no,no,0.0,no,unfurnished,4.0,890.9090909090909,9.0
3430000.0,2145.0,3.0,1.0,3.0,yes,no,no,no,no,0.0,yes,furnished,4.0,1599.067599067599,9.0
3430000.0,2610.0,3.0,1.0,2.0,yes,no,yes,no,no,0.0,yes,unfurnished,4.0,1314.176245210728,9.0
3423000.0,4040.0,2.0,1.0,1.0,yes,no,no,no,no,0.0,no,unfurnished,3.0,847.2772277227723,7.0
3395000.0,4785.0,3.0,1.0,2.0,yes,yes,yes,no,yes,1.0,no,furnished,4.0,709.5088819226751,10.0
3395000.0,3450.0,3.0,1.0,1.0,yes,no,yes,no,no,2.0,no,unfurnished,4.0,984.0579710144928,11.0
3395000.0,3640.0,2.0,1.0,1.0,yes,no,no,no,no,0.0,no,furnished,3.0,932.6923076923077,7.0
3360000.0,3500.0,4.0,1.0,2.0,yes,no,no,no,yes,2.0,no,unfurnished,5.0,960.0,13.0
3360000.0,4960.0,4.0,1.0,3.0,no,no,no,no,no,0.0,no,semi-furnished,5.0,677.4193548387096,11.0
3360000.0,4120.0,2.0,1.0,2.0,yes,no,no,no,no,0.0,no,unfurnished,3.0,815.5339805825242,7.0
3360000.0,4750.0,2.0,1.0,1.0,yes,no,no,no,no,0.0,no,unfurnished,3.0,707.3684210526316,7.0
3360000.0,3720.0,2.0,1.0,1.0,no,no,no,no,yes,0.0,no,unfurnished,3.0,903.2258064516129,7.0
3360000.0,3750.0,3.0,1.0,1.0,yes,no,no,no,no,0.0,no,unfurnished,4.0,896.0,9.0
3360000.0,3100.0,3.0,1.0,2.0,no,no,yes,no,no,0.0,no,semi-furnished,4.0,1083.8709677419354,9.0
3360000.0,3185.0,2.0,1.0,1.0,yes,no,yes,no,no,2.0,no,furnished,3.0,1054.9450549450548,9.0
3353000.0,2700.0,3.0,1.0,1.0,no,no,no,no,no,0.0,no,furnished,4.0,1241.851851851852,9.0
3332000.0,2145.0,3.0,1.0,2.0,yes,no,yes,no,no,0.0,yes,furnished,4.0,1553.3799533799533,9.0
3325000.0,4040.0,2.0,1.0,1.0,yes,no,no,no,no,1.0,no,unfurnished,3.0,823.019801980198,8.0
3325000.0,4775.0,4.0,1.0,2.0,yes,no,no,no,no,0.0,no,unfurnished,5.0,696.3350785340314,11.0
3290000.0,2500.0,2.0,1.0,1.0,no,no,no,no,yes,0.0,no,unfurnished,3.0,1316.0,7.0
3290000.0,3180.0,4.0,1.0,2.0,yes,no,yes,no,yes,0.0,no,unfurnished,5.0,1034.5911949685535,11.0
3290000.0,6060.0,3.0,1.0,1.0,yes,yes,yes,no,no,0.0,no,furnished,4.0,542.9042904290429,9.0
3290000.0,3480.0,4.0,1.0,2.0,no,no,no,no,no,1.0,no,semi-furnished,5.0,945.4022988505748,12.0
3290000.0,3792.0,4.0,1.0,2.0,yes,no,no,no,no,0.0,no,semi-furnished,5.0,867.6160337552743,11.0
3290000.0,4040.0,2.0,1.0,1.0,yes,no,no,no,no,0.0,no,unfurnished,3.0,814.3564356435644,7.0
3290000.0,2145.0,3.0,1.0,2.0,yes,no,yes,no,no,0.0,yes,furnished,4.0,1533.7995337995337,9.0
3290000.0,5880.0,3.0,1.0,1.0,yes,no,no,no,no,1.0,no,unfurnished,4.0,559.5238095238095,10.0
3255000.0,4500.0,2.0,1.0,1.0,no,no,no,no,no,0.0,no,semi-furnished,3.0,723.3333333333334,7.0
3255000.0,3930.0,2.0,1.0,1.0,no,no,no,no,no,0.0,no,unfurnished,3.0,828.2442748091603,7.0
3234000.0,3640.0,4.0,1.0,2.0,yes,no,yes,no,no,0.0,no,unfurnished,5.0,888.4615384615385,11.0
3220000.0,4370.0,3.0,1.0,2.0,yes,no,no,no,no,0.0,no,unfurnished,4.0,736.8421052631579,9.0
3220000.0,2684.0,2.0,1.0,1.0,yes,no,no,no,yes,1.0,no,unfurnished,3.0,1199.7019374068554,8.0
3220000.0,4320.0,3.0,1.0,1.0,no,no,no,no,no,1.0,no,unfurnished,4.0,745.3703703703703,10.0
3220000.0,3120.0,3.0,1.0,2.0,no,no,no,no,no,0.0,no,furnished,4.0,1032.051282051282,9.0
3150000.0,3450.0,1.0,1.0,1.0,yes,no,no,no,no,0.0,no,furnished,2.0,913.0434782608696,5.0
3150000.0,3500.0,2.0,1.0,1.0,no,no,yes,no,no,0.0,no,semi-furnished,3.0,900.0,7.0
3150000.0,4095.0,2.0,1.0,1.0,yes,no,no,no,no,2.0,no,semi-furnished,3.0,769.2307692307693,9.0
3150000.0,1650.0,3.0,1.0,2.0,no,no,yes,no,no,0.0,no,unfurnished,4.0,1909.090909090909,9.0
3150000.0,3450.0,3.0,1.0,2.0,yes,no,yes,no,no,0.0,no,semi-furnished,4.0,913.0434782608696,9.0
3150000.0,6750.0,2.0,1.0,1.0,yes,no,no,no,no,0.0,no,semi-furnished,3.0,466.6666666666667,7.0
3150000.0,9000.0,3.0,1.0,2.0,yes,no,no,no,no,2.0,no,semi-furnished,4.0,350.0,11.0
3150000.0,3069.0,2.0,1.0,1.0,yes,no,no,no,no,1.0,no,unfurnished,3.0,1026.392961876833,8.0
3143000.0,4500.0,3.0,1.0,2.0,yes,no,no,no,yes,0.0,no,unfurnished,4.0,698.4444444444445,9.0
3129000.0,5495.0,3.0,1.0,1.0,yes,no,yes,no,no,0.0,no,unfurnished,4.0,569.4267515923567,9.0
3118850.0,2398.0,3.0,1.0,1.0,yes,no,no,no,no,0.0,yes,semi-furnished,4.0,1300.604670558799,9.0
3115000.0,3000.0,3.0,1.0,1.0,no,no,no,no,yes,0.0,no,unfurnished,4.0,1038.3333333333333,9.0
3115000.0,3850.0,3.0,1.0,2.0,yes,no,no,no,no,0.0,no,unfurnished,4.0,809.0909090909091,9.0
3115000.0,3500.0,2.0,1.0,1.0,yes,no,no,no,no,0.0,no,unfurnished,3.0,890.0,7.0
3087000.0,8100.0,2.0,1.0,1.0,yes,no,no,no,no,1.0,no,unfurnished,3.0,381.1111111111111,8.0
3080000.0,4960.0,2.0,1.0,1.0,yes,no,yes,no,yes,0.0,no,unfurnished,3.0,620.9677419354839,7.0
3080000.0,2160.0,3.0,1.0,2.0,no,no,yes,no,no,0.0,no,semi-furnished,4.0,1425.9259259259259,9.0
3080000.0,3090.0,2.0,1.0,1.0,yes,yes,yes,no,no,0.0,no,unfurnished,3.0,996.7637540453075,7.0
3080000.0,4500.0,2.0,1.0,2.0,yes,no,no,yes,no,1.0,no,semi-furnished,3.0,684.4444444444445,8.0
3045000.0,3800.0,2.0,1.0,1.0,yes,no,no,no,no,0.0,no,unfurnished,3.0,801.3157894736842,7.0
3010000.0,3090.0,3.0,1.0,2.0,no,no,no,no,no,0.0,no,semi-furnished,4.0,974.1100323624595,9.0
3010000.0,3240.0,3.0,1.0,2.0,yes,no,no,no,no,2.0,no,semi-furnished,4.0,929.0123456790124,11.0
3010000.0,2835.0,2.0,1.0,1.0,yes,no,no,no,no,0.0,no,semi-furnished,3.0,1061.7283950617284,7.0
3010000.0,4600.0,2.0,1.0,1.0,yes,no,no,no,no,0.0,no,furnished,3.0,654.3478260869565,7.0
3010000.0,5076.0,3.0,1.0,1.0,no,no,no,no,no,0.0,no,unfurnished,4.0,592.9866036249015,9.0
3010000.0,3750.0,3.0,1.0,2.0,yes,no,no,no,no,0.0,no,unfurnished,4.0,802.6666666666666,9.0
3003000.0,8050.0,2.0,1.0,1.0,yes,no,no,no,no,0.0,no,unfurnished,3.0,373.04347826086956,7.0
2975000.0,4352.0,4.0,1.0,2.0,no,no,no,no,no,1.0,no,unfurnished,5.0,683.59375,12.0
2961000.0,3000.0,2.0,1.0,2.0,yes,no,no,no,no,0.0,no,semi-furnished,3.0,987.0,7.0
2940000.0,5850.0,3.0,1.0,2.0,yes,no,yes,no,no,1.0,no,unfurnished,4.0,502.56410256410254,10.0
2940000.0,4960.0,2.0,1.0,1.0,yes,no,no,no,no,0.0,no,unfurnished,3.0,592.741935483871,7.0
2940000.0,3600.0,3.0,1.0,2.0,no,no,no,no,no,1.0,no,unfurnished,4.0,816.6666666666666,10.0
2940000.0,3660.0,4.0,1.0,2.0,no,no,no,no,no,0.0,no,unfurnished,5.0,803.2786885245902,11.0
2940000.0,3480.0,3.0,1.0,2.0,no,no,no,no,no,1.0,no,semi-furnished,4.0,844.8275862068965,10.0
2940000.0,2700.0,2.0,1.0,1.0,no,no,no,no,no,0.0,no,furnished,3.0,1088.888888888889,7.0
2940000.0,3150.0,3.0,1.0,2.0,no,no,no,no,no,0.0,no,unfurnished,4.0,933.3333333333334,9.0
2940000.0,6615.0,3.0,1.0,2.0,yes,no,no,no,no,0.0,no,semi-furnished,4.0,444.44444444444446,9.0
2870000.0,3040.0,2.0,1.0,1.0,no,no,no,no,no,0.0,no,unfurnished,3.0,944.078947368421,7.0
2870000.0,3630.0,2.0,1.0,1.0,yes,no,no,no,no,0.0,no,unfurnished,3.0,790.633608815427,7.0
2870000.0,6000.0,2.0,1.0,1.0,yes,no,no,no,no,0.0,no,semi-furnished,3.0,478.3333333333333,7.0
2870000.0,5400.0,4.0,1.0,2.0,yes,no,no,no,no,0.0,no,unfurnished,5.0,531.4814814814815,11.0
2852500.0,5200.0,4.0,1.0,3.0,yes,no,no,no,no,0.0,no,unfurnished,5.0,548.5576923076923,11.0
2835000.0,3300.0,3.0,1.0,2.0,no,no,no,no,no,1.0,no,semi-furnished,4.0,859.0909090909091,10.0
2835000.0,4350.0,3.0,1.0,2.0,no,no,no,yes,no,1.0,no,unfurnished,4.0,651.7241379310345,10.0
2835000.0,2640.0,2.0,1.0,1.0,no,no,no,no,no,1.0,no,furnished,3.0,1073.8636363636363,8.0
2800000.0,2650.0,3.0,1.0,2.0,yes,no,yes,no,no,1.0,no,unfurnished,4.0,1056.6037735849056,10.0
2800000.0,3960.0,3.0,1.0,1.0,yes,no,no,no,no,0.0,no,furnished,4.0,707.070707070707,9.0
2730000.0,6800.0,2.0,1.0,1.0,yes,no,no,no,no,0.0,no,unfurnished,3.0,401.47058823529414,7.0
2730000.0,4000.0,3.0,1.0,2.0,yes,no,no,no,no,1.0,no,unfurnished,4.0,682.5,10.0
2695000.0,4000.0,2.0,1.0,1.0,yes,no,no,no,no,0.0,no,unfurnished,3.0,673.75,7.0
2660000.0,3934.0,2.0,1.0,1.0,yes,no,no,no,no,0.0,no,unfurnished,3.0,676.1565836298932,7.0
2660000.0,2000.0,2.0,1.0,2.0,yes,no,no,no,no,0.0,no,semi-furnished,3.0,1330.0,7.0
2660000.0,2800.0,3.0,1.0,1.0,yes,no,no,no,no,0.0,no,unfurnished,4.0,950.0,9.0
2660000.0,2430.0,3.0,1.0,1.0,no,no,no,no,no,0.0,no,unfurnished,4.0,1094.6502057613168,9.0
2660000.0,3480.0,2.0,1.0,1.0,yes,no,no,no,no,1.0,no,semi-furnished,3.0,764.3678160919541,8.0
2660000.0,4000.0,3.0,1.0,1.0,yes,no,no,no,no,0.0,no,semi-furnished,4.0,665.0,9.0
2653000.0,3185.0,2.0,1.0,1.0,yes,no,no,no,yes,0.0,no,unfurnished,3.0,832.967032967033,7.0
2653000.0,4000.0,3.0,1.0,2.0,yes,no,no,no,yes,0.0,no,unfurnished,4.0,663.25,9.0
2604000.0,2910.0,2.0,1.0,1.0,no,no,no,no,no,0.0,no,unfurnished,3.0,894.8453608247422,7.0
2590000.0,3600.0,2.0,1.0,1.0,yes,no,no,no,no,0.0,no,unfurnished,3.0,719.4444444444445,7.0
2590000.0,4400.0,2.0,1.0,1.0,yes,no,no,no,no,0.0,no,unfurnished,3.0,588.6363636363636,7.0
2520000.0,2880.0,3.0,1.0,1.0,no,no,no,no,no,0.0,no,unfurnished,4.0,875.0,9.0
2520000.0,3180.0,3.0,1.0,1.0,no,no,no,no,no,0.0,no,unfurnished,4.0,792.4528301886793,9.0
2520000.0,3000.0,2.0,1.0,2.0,yes,no,no,no,no,0.0,no,furnished,3.0,840.0,7.0
2485000.0,4400.0,3.0,1.0,2.0,yes,no,no,no,no,0.0,no,unfurnished,4.0,564.7727272727273,9.0
2485000.0,3000.0,3.0,1.0,2.0,no,no,no,no,no,0.0,no,semi-furnished,4.0,828.3333333333334,9.0
2450000.0,3210.0,3.0,1.0,2.0,yes,no,yes,no,no,0.0,no,unfurnished,4.0,763.2398753894081,9.0
2450000.0,3240.0,2.0,1.0,1.0,no,yes,no,no,no,1.0,no,unfurnished,3.0,756.1728395061729,8.0
2450000.0,3000.0,2.0,1.0,1.0,yes,no,no,no,no,1.0,no,unfurnished,3.0,816.6666666666666,8.0
2450000.0,3500.0,2.0,1.0,1.0,yes,yes,no,no,no,0.0,no,unfurnished,3.0,700.0,7.0
2450000.0,4840.0,2.0,1.0,2.0,yes,no,no,no,no,0.0,no,unfurnished,3.0,506.198347107438,7.0
2450000.0,7700.0,2.0,1.0,1.0,yes,no,no,no,no,0.0,no,unfurnished,3.0,318.1818181818182,7.0
2408000.0,3635.0,2.0,1.0,1.0,no,no,no,no,no,0.0,no,unfurnished,3.0,662.4484181568088,7.0
2380000.0,2475.0,3.0,1.0,2.0,yes,no,no,no,no,0.0,no,furnished,4.0,961.6161616161617,9.0
2380000.0,3264.0,2.0,1.0,1.0,yes,no,no,no,no,0.0,no,unfurnished,3.0,729.1666666666666,7.0
2345000.0,3640.0,2.0,1.0,1.0,yes,no,no,no,no,0.0,no,unfurnished,3.0,644.2307692307693,7.0
2310000.0,3180.0,2.0,1.0,1.0,yes,no,no,no,no,0.0,no,unfurnished,3.0,726.4150943396227,7.0
2275000.0,1836.0,2.0,1.0,1.0,no,no,yes,no,no,0.0,no,semi-furnished,3.0,1239.1067538126363,7.0
2275000.0,3970.0,1.0,1.0,1.0,no,no,no,no,no,0.0,no,unfurnished,2.0,573.0478589420655,5.0
2275000.0,3970.0,3.0,1.0,2.0,yes,no,yes,no,no,0.0,no,unfurnished,4.0,573.0478589420655,9.0
2240000.0,1950.0,3.0,1.0,1.0,no,no,no,yes,no,0.0,no,unfurnished,4.0,1148.7179487179487,9.0
2233000.0,5300.0,3.0,1.0,1.0,no,no,no,no,yes,0.0,yes,unfurnished,4.0,421.3207547169811,9.0
2135000.0,3000.0,2.0,1.0,1.0,no,no,no,no,no,0.0,no,unfurnished,3.0,711.6666666666666,7.0
2100000.0,2400.0,3.0,1.0,2.0,yes,no,no,no,no,0.0,no,unfurnished,4.0,875.0,9.0
2100000.0,3000.0,4.0,1.0,2.0,yes,no,no,no,no,0.0,no,unfurnished,5.0,700.0,11.0
2100000.0,3360.0,2.0,1.0,1.0,yes,no,no,no,no,1.0,no,unfurnished,3.0,625.0,8.0
1890000.0,1700.0,3.0,1.0,2.0,yes,no,no,no,no,0.0,no,unfurnished,4.0,1111.764705882353,9.0
1890000.0,3649.0,2.0,1.0,1.0,yes,no,no,no,no,0.0,no,unfurnished,3.0,517.9501233214579,7.0
1855000.0,2990.0,2.0,1.0,1.0,no,no,no,no,no,1.0,no,unfurnished,3.0,620.4013377926422,8.0
1820000.0,3000.0,2.0,1.0,1.0,yes,no,yes,no,no,2.0,no,unfurnished,3.0,606.6666666666666,9.0
1767150.0,2400.0,3.0,1.0,1.0,no,no,no,no,no,0.0,no,semi-furnished,4.0,736.3125,9.0
1750000.0,3620.0,2.0,1.0,1.0,yes,no,no,no,no,0.0,no,unfurnished,3.0,483.42541436464086,7.0
1750000.0,2910.0,3.0,1.0,1.0,no,no,no,no,no,0.0,no,furnished,4.0,601.3745704467354,9.0
1750000.0,3850.0,3.0,1.0,2.0,yes,no,no,no,no,0.0,no,unfurnished,4.0,454.54545454545456,9.0
